A PROGRAMME FOR EVERY STAGE	UN PROGRAMME À CHAQUE ÉTAPE	EIN PROGRAMM FÜR JEDE PHASE	ETT PROGRAM FÖR VARJE STEG	EEN PROGRAMMA VOOR ELKE FASE	E PROGRAMM FIR ALL ETAPP
Four stages.	Quatre étapes.	Vier Phasen.	Fyra steg.	Vier fasen.	Véier Etappen.
One philosophy.	Une même philosophie.	Eine Philosophie.	En filosofi.	Eén filosofie.	Eng Philosophie.
Time, patience and a programme shaped around the individual horse.	Du temps, de la patience et un programme adapté à chaque cheval.	Zeit, Geduld und ein auf das einzelne Pferd abgestimmtes Programm.	Tid, tålamod och ett program anpassat till varje häst.	Tijd, geduld en een programma op maat van elk paard.	Zäit, Gedold an e Programm, deen op all eenzelt Päerd ofgestëmmt ass.
Our approach on Instagram ↗	Notre approche sur Instagram ↗	Unser Ansatz auf Instagram ↗	Vårt arbetssätt på Instagram ↗	Onze aanpak op Instagram ↗	Eis Approche op Instagram ↗
Foal handling	Manipulation du poulain	Fohlenhandling	Fölhantering	Veulenhantering	Ëmgang mat Fëllen
Gentle first contact, confident handling and positive habits for everyday care. Building trust from the beginning.	Des premiers contacts en douceur, des manipulations rassurantes et de bonnes habitudes pour les soins quotidiens. Construire la confiance dès le départ.	Sanfter Erstkontakt, sicheres Handling und positive Gewohnheiten für die tägliche Pflege. Vertrauen von Anfang an aufbauen.	Varsam första kontakt, trygg hantering och goda vanor för daglig skötsel. Att bygga tillit från början.	Een zacht eerste contact, vertrouwde omgang en positieve gewoontes voor de dagelijkse verzorging. Vertrouwen opbouwen vanaf het begin.	E sanften éischte Kontakt, sécheren Ëmgang a positiv Gewunnechte fir déi deeglech Betreiung. Vertrauen vun Ufank un opbauen.
Pre-breaking	Pré-débourrage	Vorbereitung auf das Anreiten	Förberedelse för inridning	Voorbereiding op het zadelmak maken	Virbereedung op d’Ureiden
Preparing the young horse for its future under saddle, step by step. Nothing rushed; each stage follows the horse’s readiness.	Préparer progressivement le jeune cheval à sa vie sous la selle. Sans précipitation : chaque étape respecte ce qu’il est prêt à apprendre.	Das junge Pferd Schritt für Schritt auf seine Zukunft unter dem Sattel vorbereiten. Ohne Eile: Jede Phase richtet sich nach seiner Bereitschaft.	Att stegvis förbereda unghästen för framtiden under sadel. Utan att skynda: varje steg följer hästens beredskap.	Het jonge paard stap voor stap voorbereiden op zijn toekomst onder het zadel. Zonder haast: elke fase sluit aan bij waar het paard aan toe is.	Dat jonkt Päerd Schrëtt fir Schrëtt op seng Zukunft ënner dem Suedel virbereeden. Ouni Hetz: all Etapp passt sech deem un, wat d’Päerd bereet ass ze léieren.
Breaking in	Débourrage	Anreiten	Inridning	Zadelmak maken	Ureiden
From the first mounting to calm, balanced ridden work. The pace is adapted to age, maturity and temperament.	De la première mise en selle à un travail monté calme et équilibré. Le rythme est adapté à l’âge, à la maturité et au tempérament.	Vom ersten Aufsitzen bis zur ruhigen, ausbalancierten Arbeit unter dem Reiter. Das Tempo wird an Alter, Reife und Temperament angepasst.	Från första uppsittningen till lugnt och balanserat arbete under ryttare. Tempot anpassas efter ålder, mognad och temperament.	Van de eerste keer opstijgen tot rustig, evenwichtig werk onder de ruiter. Het tempo wordt aangepast aan leeftijd, rijpheid en temperament.	Vum éischten Opsëtze bis zur roueger, ausgeglachener Aarbecht ënner dem Reider. Den Tempo gëtt un Alter, Reift an Temperament ugepasst.
Show jumping training	Travail à l’obstacle	Springausbildung	Hoppträning	Springtraining	Ausbildung am Sprangreiden
Individual work towards development, performance and competition preparation, with regular progress reviews and close communication with the owner.	Un travail personnalisé pour développer le potentiel et préparer les concours, avec un suivi régulier des progrès et un échange étroit avec le propriétaire.	Individuelle Arbeit für Entwicklung, Leistung und Turniervorbereitung, mit regelmäßiger Fortschrittskontrolle und engem Austausch mit dem Besitzer.	Individuellt arbete för utveckling, prestation och tävlingsförberedelse, med regelbunden uppföljning och nära kontakt med ägaren.	Individueel werk gericht op ontwikkeling, prestaties en wedstrijdvoorbereiding, met regelmatige evaluaties en nauw contact met de eigenaar.	Individuell Aarbecht fir Entwécklung, Leeschtung a Concoursvirbereedung, mat reegelméisseger Kontroll vum Fortschrëtt an enkem Kontakt mam Besëtzer.
NOTES FROM PRÉPINSON	CARNET DE PRÉPINSON	NOTIZEN AUS PRÉPINSON	ANTECKNINGAR FRÅN PRÉPINSON	BERICHTEN VAN PRÉPINSON	NOTIZEN AUS PRÉPINSON
The life behind	La vie derrière	Das Leben hinter	Livet bakom	Het leven achter	D’Liewen hannert
 the horses.	 les chevaux.	 den Pferden.	 hästarna.	 de paarden.	 de Päerd.
A closer look at our work, through stories shared on Instagram.	Un regard sur notre travail, à travers les histoires partagées sur Instagram.	Ein Einblick in unsere Arbeit durch Geschichten auf Instagram.	En närmare titt på vårt arbete genom berättelser på Instagram.	Een blik op ons werk, via verhalen die we op Instagram delen.	En Abléck an eis Aarbecht duerch Geschichten, déi mir op Instagram deelen.
TRAINING	FORMATION	AUSBILDUNG	UTBILDNING	TRAINING	AUSBILDUNG
Learning at their own pace.	Apprendre à leur rythme.	Lernen im eigenen Tempo.	Lära i sin egen takt.	Leren op hun eigen tempo.	Am eegenen Tempo léieren.
From first handling to the competition arena: four programmes, one commitment to the individual horse.	Des premières manipulations aux terrains de concours : quatre programmes, une même attention portée à chaque cheval.	Vom ersten Handling bis zum Turnier: vier Programme, eine gemeinsame Verpflichtung gegenüber jedem Pferd.	Från den första hanteringen till tävlingsbanan: fyra program med samma engagemang för varje häst.	Van de eerste omgang tot de wedstrijdring: vier programma’s met dezelfde aandacht voor elk paard.	Vum éischten Ëmgang bis bei de Concours: véier Programmer, mat der selwechter Opmierksamkeet fir all Päerd.
Read on Instagram ↗	Lire sur Instagram ↗	Auf Instagram lesen ↗	Läs på Instagram ↗	Lees op Instagram ↗	Op Instagram liesen ↗
BREEDING	ÉLEVAGE	ZUCHT	AVEL	FOKKERIJ	ZUUCHT
From foaling to the future.	Des naissances à l’avenir.	Vom Fohlen zur Zukunft.	Från fölning till framtid.	Van geboorte naar de toekomst.	Vum Fëllen an d’Zukunft.
Welcoming the 2026 foals, planning the next generation and guiding earlier generations through their first steps in training.	Accueillir les poulains 2026, préparer la prochaine génération et accompagner les précédentes dans leurs premiers apprentissages.	Die Fohlen von 2026 begrüßen, die nächste Generation planen und frühere Jahrgänge bei ihren ersten Ausbildungsschritten begleiten.	Välkomna fölen från 2026, planera nästa generation och vägleda tidigare årgångar genom de första stegen i utbildningen.	De veulens van 2026 verwelkomen, de volgende generatie plannen en eerdere jaargangen begeleiden bij hun eerste stappen in de training.	D’Fëlle vun 2026 begréissen, déi nächst Generatioun plangen an déi viregt bei hiren éischten Ausbildungsschrëtt begleeden.
AT THE HARAS	AU HARAS	AUF DEM GESTÜT	PÅ STUTERIET	OP DE STOETERIJ	UM GESTITT
A new season of progress.	Une nouvelle saison pour progresser.	Eine neue Saison der Entwicklung.	En ny säsong av utveckling.	Een nieuw seizoen vol ontwikkeling.	Eng nei Saison fir weiderzekommen.
Focused sessions, fresh energy and new goals. A glimpse into the daily rhythm of training at Prépinson.	Des séances ciblées, une énergie renouvelée et de nouveaux objectifs. Un aperçu du rythme quotidien du travail à Prépinson.	Konzentrierte Einheiten, frische Energie und neue Ziele. Ein Einblick in den täglichen Trainingsrhythmus in Prépinson.	Fokuserade pass, ny energi och nya mål. En inblick i den dagliga träningen på Prépinson.	Gerichte sessies, frisse energie en nieuwe doelen. Een blik op het dagelijkse trainingsritme op Prépinson.	Konzentréiert Eenheeten, nei Energie an nei Ziler. En Abléck an den deeglechen Trainingsrhythmus zu Prépinson.
A SHARED PASSION STARTS A CONVERSATION.	UNE PASSION COMMUNE OUVRE LA CONVERSATION.	GEMEINSAME LEIDENSCHAFT BEGINNT MIT EINEM GESPRÄCH.	EN GEMENSAM PASSION BÖRJAR MED ETT SAMTAL.	EEN GEDEELDE PASSIE BEGINT MET EEN GESPREK.	ENG GEMEINSAM PASSIOUN FÄNKT MAT ENGEM GESPRÉICH UN.
Let’s talk	Parlons	Lassen Sie uns über	Låt oss prata	Laten we praten	Loosst eis iwwer
horses.	chevaux.	Pferde sprechen.	hästar.	paarden.	Päerd schwätzen.
Tell us about your horse, your plans or the stay you have in mind. We will come back to you personally.	Parlez-nous de votre cheval, de vos projets ou du séjour que vous imaginez. Nous vous répondrons personnellement.	Erzählen Sie uns von Ihrem Pferd, Ihren Plänen oder Ihrem gewünschten Aufenthalt. Wir melden uns persönlich bei Ihnen.	Berätta om din häst, dina planer eller vistelsen du har i åtanke. Vi återkommer personligen.	Vertel ons over uw paard, uw plannen of het verblijf dat u voor ogen heeft. Wij nemen persoonlijk contact met u op.	Erzielt eis vun Ärem Päerd, Äre Pläng oder dem Openthalt, deen Dir am Kapp hutt. Mir äntweren Iech perséinlech.
Leave this field empty	Laissez ce champ vide	Dieses Feld leer lassen	Lämna detta fält tomt	Laat dit veld leeg	Loosst dëst Feld eidel
Your name	Votre nom	Ihr Name	Ditt namn	Uw naam	Ären Numm
Your email	Votre e-mail	Ihre E-Mail	Din e-post	Uw e-mail	Är E-Mail
I am interested in	Je suis intéressé(e) par	Ich interessiere mich für	Jag är intresserad av	Ik ben geïnteresseerd in	Ech interesséiere mech fir
Horse boarding	Pension pour chevaux	Pferdepension	Hästpension	Paardenpension	Päerdspensioun
Young horse training	Entraînement de jeunes chevaux	Jungpferdeausbildung	Träning av unghästar	Training van jonge paarden	Training vu jonke Päerd
Breeding	Élevage	Zucht	Avel	Fokkerij	Zuucht
Horses for sale	Chevaux à vendre	Verkaufspferde	Hästar till salu	Paarden te koop	Päerd ze verkafen
A stay at Prépinson	Un séjour à Prépinson	Ein Aufenthalt in Prépinson	En vistelse på Prépinson	Een verblijf bij Prépinson	En Openthalt zu Prépinson
Something else	Autre demande	Etwas anderes	Något annat	Iets anders	Eppes anescht
Your message	Votre message	Ihre Nachricht	Ditt meddelande	Uw bericht	Äre Message
Send message ↗	Envoyer le message ↗	Nachricht senden ↗	Skicka meddelande ↗	Bericht versturen ↗	Message schécken ↗
Send message	Envoyer le message	Nachricht senden	Skicka meddelande	Bericht versturen	Message schécken
FROM PRÉPINSON, OCCASIONALLY.	DES NOUVELLES DE PRÉPINSON, DE TEMPS EN TEMPS.	GELEGENTLICH NEUES AUS PRÉPINSON.	NYHETER FRÅN PRÉPINSON, DÅ OCH DÅ.	AF EN TOE NIEUWS UIT PRÉPINSON.	HEIANSDO NEIEGKEETEN AUS PRÉPINSON.
News from the haras.	Les nouvelles du haras.	Neuigkeiten vom Gestüt.	Nyheter från stuteriet.	Nieuws van de stoeterij.	Neiegkeeten aus dem Gestitt.
Email address	Adresse e-mail	E-Mail-Adresse	E-postadress	E-mailadres	E-Mail-Adress
Subscribe ↗	S’inscrire ↗	Anmelden ↗	Prenumerera ↗	Inschrijven ↗	Umellen ↗
Subscribe	S’inscrire	Anmelden	Prenumerera	Inschrijven	Umellen
Subscribe to the mailing list	S’inscrire à la liste de diffusion	Für den Newsletter anmelden	Prenumerera på utskickslistan	Inschrijven voor de mailinglijst	Fir d’Newsletter-Lëscht umellen
HORSES	CHEVAUX	PFERDE	HÄSTAR	PAARDEN	PÄERD
HOUSES	MAISONS	HÄUSER	HUS	HUIZEN	HAISER
VISIT	VENIR	BESUCH	BESÖK	BEZOEK	BESICH
THE PEOPLE OF PRÉPINSON	L’ÉQUIPE DE PRÉPINSON	DIE MENSCHEN VON PRÉPINSON	MÄNNISKORNA PÅ PRÉPINSON	DE MENSEN VAN PRÉPINSON	D’LEIT VU PRÉPINSON
Experience, instinct	Expérience, instinct	Erfahrung, Gespür	Erfarenhet, känsla	Ervaring, instinct	Erfarung, Instinkt
and daily care.	et attention quotidienne.	und tägliche Fürsorge.	och daglig omsorg.	en dagelijkse zorg.	an deeglech Betreiung.
Prépinson is shaped by a small, committed team and a shared belief: every horse deserves individual attention, patience and the right environment.	Prépinson est porté par une petite équipe engagée et une conviction commune : chaque cheval mérite une attention individuelle, de la patience et un environnement adapté.	Prépinson wird von einem kleinen, engagierten Team und einer gemeinsamen Überzeugung geprägt: Jedes Pferd verdient individuelle Aufmerksamkeit, Geduld und das richtige Umfeld.	Prépinson formas av ett litet, engagerat team och en gemensam övertygelse: varje häst förtjänar individuell uppmärksamhet, tålamod och rätt miljö.	Prépinson wordt gevormd door een klein, betrokken team en één gedeelde overtuiging: elk paard verdient persoonlijke aandacht, geduld en de juiste omgeving.	Prépinson gëtt vun engem klengen, engagéierten Team an enger gemeinsamer Iwwerzeegung gepräägt: All Päerd verdéngt individuell Opmierksamkeet, Gedold an dat richtegt Ëmfeld.
MANAGER & FOUNDER	DIRECTRICE & FONDATRICE	LEITUNG & GRÜNDERIN	CHEF & GRUNDARE	MANAGER & OPRICHTER	MANAGERIN & GRËNNERIN
SITE MANAGER	RESPONSABLE DU SITE	STANDORTLEITER	ANLÄGGNINGSCHEF	LOCATIEMANAGER	SITE MANAGER
Eva Schiller, Manager and Founder of Prépinson	Eva Schiller, directrice et fondatrice de Prépinson	Eva Schiller, Leiterin und Gründerin von Prépinson	Eva Schiller, chef och grundare av Prépinson	Eva Schiller, manager en oprichter van Prépinson	Eva Schiller, Managerin a Grënnerin vu Prépinson
Nicolas Derouault, Site Manager of Prépinson	Nicolas Derouault, responsable du site de Prépinson	Nicolas Derouault, Standortleiter von Prépinson	Nicolas Derouault, anläggningschef på Prépinson	Nicolas Derouault, locatiemanager van Prépinson	Nicolas Derouault, Site Manager vu Prépinson
A wider look at life, care and training at Prépinson.	Un regard plus large sur la vie, les soins et le travail à Prépinson.	Weitere Einblicke in das Leben, die Pflege und die Ausbildung in Prépinson.	En bredare inblick i livet, omsorgen och träningen på Prépinson.	Een ruimere blik op het leven, de verzorging en de training bij Prépinson.	En erweiderten Abléck an d’Liewen, d’Betreiung an den Training zu Prépinson.
A quiet training moment in the indoor arena	Un moment de travail calme dans le manège	Ein ruhiger Trainingsmoment in der Reithalle	En lugn träningsstund i ridhuset	Een rustig trainingsmoment in de binnenpiste	E rouege Trainingsmoment an der Reithal
Bridles ready in the Prépinson tack room	Les bridons prêts dans la sellerie de Prépinson	Bereitliegende Trensen in der Sattelkammer von Prépinson	Träns redo i Prépinsons sadelkammare	Hoofdstellen klaar in de zadelkamer van Prépinson	Trensen prett an der Suedelkammer vu Prépinson
A horse in the Prépinson stables	Un cheval dans les écuries de Prépinson	Ein Pferd in den Stallungen von Prépinson	En häst i Prépinsons stall	Een paard in de stallen van Prépinson	E Päerd an de Ställ vu Prépinson
A horse in the indoor arena	Un cheval dans le manège	Ein Pferd in der Reithalle	En häst i ridhuset	Een paard in de binnenpiste	E Päerd an der Reithal
The paddocks and horse walker seen from above	Les paddocks et le marcheur vus du ciel	Die Paddocks und Führanlage aus der Luft	Hagarna och skrittmaskinen sedda ovanifrån	De paddocks en stapmolen vanuit de lucht	D’Paddocken an de Walker vun uewen
A stable cat at Prépinson	Un chat des écuries à Prépinson	Eine Stallkatze in Prépinson	En stallkatt på Prépinson	Een stalkat bij Prépinson	Eng Stallkaz zu Prépinson
STAY A LITTLE LONGER	PROLONGEZ UN PEU LE SÉJOUR	BLEIBEN SIE NOCH EIN WENIG	STANNA LITE LÄNGRE	BLIJF NOG EVEN	BLEIFT NACH E BËSSEN
The houses,	Les maisons,	Die Häuser,	Husen,	De huizen,	D’Haiser,
as they are lived.	au fil des séjours.	wie sie erlebt werden.	som de upplevs.	zoals ze worden beleefd.	wéi se gelieft ginn.
Seasonal details, new views and everyday moments from Ortho 24 and Ortho 25.	Détails de saison, nouvelles perspectives et instants du quotidien à Ortho 24 et Ortho 25.	Saisonale Details, neue Perspektiven und Alltagsmomente aus Ortho 24 und Ortho 25.	Säsongens detaljer, nya vyer och vardagsögonblick från Ortho 24 och Ortho 25.	Seizoensdetails, nieuwe perspectieven en alledaagse momenten uit Ortho 24 en Ortho 25.	Saisonal Detailer, nei Perspektiven an Alldagsmomenter aus Ortho 24 an Ortho 25.
